ts,day,ticker,mentions,upvotes,rank
2026-10-07T07:43:24+00:00,2026-10-07,AA,2,2,172
2026-10-07T07:43:24+00:00,2026-10-07,AAA,1,2,571
2026-10-07T07:43:24+00:00,2026-10-07,AAOI,4,8,115
2026-10-07T07:43:24+00:00,2026-10-07,AAPL,36,85,15
2026-10-07T07:43:24+00:00,2026-10-07,AB,1,0,479
2026-10-07T07:43:24+00:00,2026-10-07,ABCL,1,1,638
2026-10-07T07:43:24+00:00,2026-10-07,ABG,1,1,667
2026-10-07T07:43:24+00:00,2026-10-07,ABNB,1,2,615
2026-10-07T07:43:24+00:00,2026-10-07,ABSI,1,1,760
2026-10-07T07:43:24+00:00,2026-10-07,ACHR,1,1,700
2026-10-07T07:43:24+00:00,2026-10-07,ACN,1,1,287
2026-10-07T07:43:24+00:00,2026-10-07,ADBE,4,8,100
2026-10-07T07:43:24+00:00,2026-10-07,ADP,1,1,222
2026-10-07T07:43:24+00:00,2026-10-07,ADSK,1,2,221
2026-10-07T07:43:24+00:00,2026-10-07,AEHR,1,3,655
2026-10-07T07:43:24+00:00,2026-10-07,AEO,1,1,361
2026-10-07T07:43:24+00:00,2026-10-07,AFL,1,1,216
2026-10-07T07:43:24+00:00,2026-10-07,AG,1,1,451
2026-10-07T07:43:24+00:00,2026-10-07,AGI,6,1,77
2026-10-07T07:43:24+00:00,2026-10-07,AGM,1,2,683
2026-10-07T07:43:24+00:00,2026-10-07,AHH,1,1,623
2026-10-07T07:43:24+00:00,2026-10-07,AIT,1,3,477
2026-10-07T07:43:24+00:00,2026-10-07,AIXI,1,2,782
2026-10-07T07:43:24+00:00,2026-10-07,AKA,2,9,186
2026-10-07T07:43:24+00:00,2026-10-07,AKAM,1,1,217
2026-10-07T07:43:24+00:00,2026-10-07,ALAB,1,1,809
2026-10-07T07:43:24+00:00,2026-10-07,ALEC,6,35,73
2026-10-07T07:43:24+00:00,2026-10-07,ALGM,1,2,682
2026-10-07T07:43:24+00:00,2026-10-07,ALL,12,60,43
2026-10-07T07:43:24+00:00,2026-10-07,ALMR,1,1,851
2026-10-07T07:43:24+00:00,2026-10-07,ALNT,1,1,803
2026-10-07T07:43:24+00:00,2026-10-07,ALT,1,1,666
2026-10-07T07:43:24+00:00,2026-10-07,AM,17,54,35
2026-10-07T07:43:24+00:00,2026-10-07,AMAT,2,3,151
2026-10-07T07:43:24+00:00,2026-10-07,AMBA,1,2,356
2026-10-07T07:43:24+00:00,2026-10-07,AMC,2,24,178
2026-10-07T07:43:24+00:00,2026-10-07,AMD,175,3366,3
2026-10-07T07:43:24+00:00,2026-10-07,AMG,1,1,679
2026-10-07T07:43:24+00:00,2026-10-07,AMP,1,1,220
2026-10-07T07:43:24+00:00,2026-10-07,AMT,1,1,215
2026-10-07T07:43:24+00:00,2026-10-07,AMZN,25,66,25
2026-10-07T07:43:24+00:00,2026-10-07,AN,1,1,474
2026-10-07T07:43:24+00:00,2026-10-07,ANY,1,8,690
2026-10-07T07:43:24+00:00,2026-10-07,APH,1,2,289
2026-10-07T07:43:24+00:00,2026-10-07,API,6,9,84
2026-10-07T07:43:24+00:00,2026-10-07,APLD,31,62,21
2026-10-07T07:43:24+00:00,2026-10-07,APP,2,1,180
2026-10-07T07:43:24+00:00,2026-10-07,AR,1,1,632
2026-10-07T07:43:24+00:00,2026-10-07,ARAI,1,3,832
2026-10-07T07:43:24+00:00,2026-10-07,ARCT,1,1,613
2026-10-07T07:43:24+00:00,2026-10-07,ARGX,1,1,408
2026-10-07T07:43:24+00:00,2026-10-07,ARKG,1,0,504
2026-10-07T07:43:24+00:00,2026-10-07,ARKK,2,5,175
2026-10-07T07:43:24+00:00,2026-10-07,ARM,3,6,144
2026-10-07T07:43:24+00:00,2026-10-07,ARR,4,9,113
2026-10-07T07:43:24+00:00,2026-10-07,AS,1,1,804
2026-10-07T07:43:24+00:00,2026-10-07,ASC,1,1,476
2026-10-07T07:43:24+00:00,2026-10-07,ASIC,1,1,834
2026-10-07T07:43:24+00:00,2026-10-07,ASML,3,4,125
2026-10-07T07:43:24+00:00,2026-10-07,ASST,1,4,774
2026-10-07T07:43:24+00:00,2026-10-07,ASTS,23,35,29
2026-10-07T07:43:24+00:00,2026-10-07,ASX,1,1,475
2026-10-07T07:43:24+00:00,2026-10-07,ATR,7,70,67
2026-10-07T07:43:24+00:00,2026-10-07,ATRC,1,0,354
2026-10-07T07:43:24+00:00,2026-10-07,AU,1,1,478
2026-10-07T07:43:24+00:00,2026-10-07,AUR,1,1,735
2026-10-07T07:43:24+00:00,2026-10-07,AVAV,1,3,357
2026-10-07T07:43:24+00:00,2026-10-07,AVGO,36,86,17
2026-10-07T07:43:24+00:00,2026-10-07,AVTR,1,2,473
2026-10-07T07:43:24+00:00,2026-10-07,AVUV,1,2,569
2026-10-07T07:43:24+00:00,2026-10-07,AWAY,1,2,587
2026-10-07T07:43:24+00:00,2026-10-07,AXON,1,2,674
2026-10-07T07:43:24+00:00,2026-10-07,AZ,1,2,787
2026-10-07T07:43:24+00:00,2026-10-07,BA,2,3,150
2026-10-07T07:43:24+00:00,2026-10-07,BABY,1,6,781
2026-10-07T07:43:24+00:00,2026-10-07,BAM,1,3,470
2026-10-07T07:43:24+00:00,2026-10-07,BATRK,1,1,340
2026-10-07T07:43:24+00:00,2026-10-07,BB,9,16,55
2026-10-07T07:43:24+00:00,2026-10-07,BBAI,1,1,764
2026-10-07T07:43:24+00:00,2026-10-07,BBC,1,1,603
2026-10-07T07:43:24+00:00,2026-10-07,BC,1,5,362
2026-10-07T07:43:24+00:00,2026-10-07,BCE,1,5,396
2026-10-07T07:43:24+00:00,2026-10-07,BDRY,1,2,500
2026-10-07T07:43:24+00:00,2026-10-07,BE,10,22,50
2026-10-07T07:43:24+00:00,2026-10-07,BEAT,2,9,170
2026-10-07T07:43:24+00:00,2026-10-07,BETR,1,3,870
2026-10-07T07:43:24+00:00,2026-10-07,BFRG,1,3,778
2026-10-07T07:43:24+00:00,2026-10-07,BGLC,1,1,790
2026-10-07T07:43:24+00:00,2026-10-07,BIRD,1,11,699
2026-10-07T07:43:24+00:00,2026-10-07,BK,1,1,290
2026-10-07T07:43:24+00:00,2026-10-07,BKYI,1,1,636
2026-10-07T07:43:24+00:00,2026-10-07,BLDR,1,0,353
2026-10-07T07:43:24+00:00,2026-10-07,BLGO,1,1,713
2026-10-07T07:43:24+00:00,2026-10-07,BLLN,1,1,843
2026-10-07T07:43:24+00:00,2026-10-07,BMNR,1,0,842
2026-10-07T07:43:24+00:00,2026-10-07,BMR,1,2,780
2026-10-07T07:43:24+00:00,2026-10-07,BMY,1,1,291
2026-10-07T07:43:24+00:00,2026-10-07,BODY,1,1,651
2026-10-07T07:43:24+00:00,2026-10-07,BOLD,1,1,810
2026-10-07T07:43:24+00:00,2026-10-07,BOND,1,2,567
2026-10-07T07:43:24+00:00,2026-10-07,BOSS,1,3,574
2026-10-07T07:43:24+00:00,2026-10-07,BRO,2,10,167
2026-10-07T07:43:24+00:00,2026-10-07,BROS,1,3,678
2026-10-07T07:43:24+00:00,2026-10-07,BRUN,4,5,118
2026-10-07T07:43:24+00:00,2026-10-07,BTE,1,1,472
2026-10-07T07:43:24+00:00,2026-10-07,BULL,3,8,148
2026-10-07T07:43:24+00:00,2026-10-07,BWXT,1,5,363
2026-10-07T07:43:24+00:00,2026-10-07,BY,2,3,190
2026-10-07T07:43:24+00:00,2026-10-07,BYD,1,1,471
2026-10-07T07:43:24+00:00,2026-10-07,BYND,1,2,407
2026-10-07T07:43:24+00:00,2026-10-07,CAC,1,1,627
2026-10-07T07:43:24+00:00,2026-10-07,CALM,1,1,612
2026-10-07T07:43:24+00:00,2026-10-07,CAN,3,23,138
2026-10-07T07:43:24+00:00,2026-10-07,CANE,1,2,539
2026-10-07T07:43:24+00:00,2026-10-07,CAPR,1,1,405
2026-10-07T07:43:24+00:00,2026-10-07,CASH,1,2,617
2026-10-07T07:43:24+00:00,2026-10-07,CAT,1,3,225
2026-10-07T07:43:24+00:00,2026-10-07,CAVA,1,1,786
2026-10-07T07:43:24+00:00,2026-10-07,CB,3,9,122
2026-10-07T07:43:24+00:00,2026-10-07,CBOE,1,1,226
2026-10-07T07:43:24+00:00,2026-10-07,CBRS,3,3,149
2026-10-07T07:43:24+00:00,2026-10-07,CC,13,84,41
2026-10-07T07:43:24+00:00,2026-10-07,CCC,1,1,462
2026-10-07T07:43:24+00:00,2026-10-07,CCJ,1,1,469
2026-10-07T07:43:24+00:00,2026-10-07,CCL,1,1,292
2026-10-07T07:43:24+00:00,2026-10-07,CD,1,2,717
2026-10-07T07:43:24+00:00,2026-10-07,CDNA,1,0,404
2026-10-07T07:43:24+00:00,2026-10-07,CEG,24,38,28
2026-10-07T07:43:24+00:00,2026-10-07,CEI,1,1,673
2026-10-07T07:43:24+00:00,2026-10-07,CELH,1,1,352
2026-10-07T07:43:24+00:00,2026-10-07,CFA,1,1,536
2026-10-07T07:43:24+00:00,2026-10-07,CHA,1,2,464
2026-10-07T07:43:24+00:00,2026-10-07,CHGG,1,0,465
2026-10-07T07:43:24+00:00,2026-10-07,CHTR,1,1,214
2026-10-07T07:43:24+00:00,2026-10-07,CIA,2,3,179
2026-10-07T07:43:24+00:00,2026-10-07,CIBR,1,1,595
2026-10-07T07:43:24+00:00,2026-10-07,CIEN,1,3,463
2026-10-07T07:43:24+00:00,2026-10-07,CIFR,1,1,752
2026-10-07T07:43:24+00:00,2026-10-07,CL,1,1,233
2026-10-07T07:43:24+00:00,2026-10-07,CLS,1,1,466
2026-10-07T07:43:24+00:00,2026-10-07,CLSK,1,3,403
2026-10-07T07:43:24+00:00,2026-10-07,CLX,1,1,229
2026-10-07T07:43:24+00:00,2026-10-07,CME,1,1,230
2026-10-07T07:43:24+00:00,2026-10-07,CMG,1,1,228
2026-10-07T07:43:24+00:00,2026-10-07,CMI,1,1,236
2026-10-07T07:43:24+00:00,2026-10-07,CMP,1,1,624
2026-10-07T07:43:24+00:00,2026-10-07,CMPS,1,2,716
2026-10-07T07:43:24+00:00,2026-10-07,CMS,1,2,231
2026-10-07T07:43:24+00:00,2026-10-07,CN,1,2,568
2026-10-07T07:43:24+00:00,2026-10-07,CNC,1,2,227
2026-10-07T07:43:24+00:00,2026-10-07,CNQ,1,0,468
2026-10-07T07:43:24+00:00,2026-10-07,COHR,1,1,351
2026-10-07T07:43:24+00:00,2026-10-07,COM,1,2,590
2026-10-07T07:43:24+00:00,2026-10-07,COPX,1,1,552
2026-10-07T07:43:24+00:00,2026-10-07,CORN,1,3,523
2026-10-07T07:43:24+00:00,2026-10-07,CORT,1,6,350
2026-10-07T07:43:24+00:00,2026-10-07,COST,1,2,207
2026-10-07T07:43:24+00:00,2026-10-07,COWZ,1,1,572
2026-10-07T07:43:24+00:00,2026-10-07,CPA,1,1,461
2026-10-07T07:43:24+00:00,2026-10-07,CPB,1,2,223
2026-10-07T07:43:24+00:00,2026-10-07,CPRI,1,1,224
2026-10-07T07:43:24+00:00,2026-10-07,CRCL,1,5,833
2026-10-07T07:43:24+00:00,2026-10-07,CRDO,7,11,71
2026-10-07T07:43:24+00:00,2026-10-07,CRM,1,1,286
2026-10-07T07:43:24+00:00,2026-10-07,CRSP,1,2,402
2026-10-07T07:43:24+00:00,2026-10-07,CRSR,1,2,637
2026-10-07T07:43:24+00:00,2026-10-07,CRWD,8,14,61
2026-10-07T07:43:24+00:00,2026-10-07,CRWV,4,9,117
2026-10-07T07:43:24+00:00,2026-10-07,CSCO,1,1,204
2026-10-07T07:43:24+00:00,2026-10-07,CSV,1,3,631
2026-10-07T07:43:24+00:00,2026-10-07,CTSH,1,1,232
2026-10-07T07:43:24+00:00,2026-10-07,CVI,1,1,460
2026-10-07T07:43:24+00:00,2026-10-07,CVNA,1,1,467
2026-10-07T07:43:24+00:00,2026-10-07,CVS,1,2,237
2026-10-07T07:43:24+00:00,2026-10-07,DAL,1,2,239
2026-10-07T07:43:24+00:00,2026-10-07,DAR,1,2,365
2026-10-07T07:43:24+00:00,2026-10-07,DARE,1,1,611
2026-10-07T07:43:24+00:00,2026-10-07,DAX,1,2,547
2026-10-07T07:43:24+00:00,2026-10-07,DAY,1,3,806
2026-10-07T07:43:24+00:00,2026-10-07,DB,1,2,306
2026-10-07T07:43:24+00:00,2026-10-07,DBMF,1,1,578
2026-10-07T07:43:24+00:00,2026-10-07,DC,4,9,114
2026-10-07T07:43:24+00:00,2026-10-07,DE,1,13,238
2026-10-07T07:43:24+00:00,2026-10-07,DECK,1,1,366
2026-10-07T07:43:24+00:00,2026-10-07,DEI,1,2,459
2026-10-07T07:43:24+00:00,2026-10-07,DELL,8,9,60
2026-10-07T07:43:24+00:00,2026-10-07,DFLI,1,0,773
2026-10-07T07:43:24+00:00,2026-10-07,DFNS,1,1,668
2026-10-07T07:43:24+00:00,2026-10-07,DGX,1,0,272
2026-10-07T07:43:24+00:00,2026-10-07,DIA,1,1,550
2026-10-07T07:43:24+00:00,2026-10-07,DIS,1,1,200
2026-10-07T07:43:24+00:00,2026-10-07,DIV,1,1,559
2026-10-07T07:43:24+00:00,2026-10-07,DJT,3,9,145
2026-10-07T07:43:24+00:00,2026-10-07,DK,1,1,728
2026-10-07T07:43:24+00:00,2026-10-07,DKNG,1,1,349
2026-10-07T07:43:24+00:00,2026-10-07,DKS,1,0,367
2026-10-07T07:43:24+00:00,2026-10-07,DLO,1,10,662
2026-10-07T07:43:24+00:00,2026-10-07,DNA,3,7,139
2026-10-07T07:43:24+00:00,2026-10-07,DON,2,4,173
2026-10-07T07:43:24+00:00,2026-10-07,DOV,1,1,241
2026-10-07T07:43:24+00:00,2026-10-07,DOW,1,9,242
2026-10-07T07:43:24+00:00,2026-10-07,DRIP,1,3,501
2026-10-07T07:43:24+00:00,2026-10-07,DRTS,1,1,755
2026-10-07T07:43:24+00:00,2026-10-07,DS,1,1,458
2026-10-07T07:43:24+00:00,2026-10-07,DT,1,29,456
2026-10-07T07:43:24+00:00,2026-10-07,DTC,1,12,708
2026-10-07T07:43:24+00:00,2026-10-07,DTD,1,1,532
2026-10-07T07:43:24+00:00,2026-10-07,DTE,41,116,12
2026-10-07T07:43:24+00:00,2026-10-07,DTH,1,1,555
2026-10-07T07:43:24+00:00,2026-10-07,DTM,1,1,733
2026-10-07T07:43:24+00:00,2026-10-07,DVLT,1,5,871
2026-10-07T07:43:24+00:00,2026-10-07,DX,1,2,648
2026-10-07T07:43:24+00:00,2026-10-07,DXJ,1,1,576
2026-10-07T07:43:24+00:00,2026-10-07,DY,1,2,457
2026-10-07T07:43:24+00:00,2026-10-07,EARN,1,2,368
2026-10-07T07:43:24+00:00,2026-10-07,EBAY,1,6,243
2026-10-07T07:43:24+00:00,2026-10-07,EBS,1,1,455
2026-10-07T07:43:24+00:00,2026-10-07,ECL,1,1,482
2026-10-07T07:43:24+00:00,2026-10-07,ED,1,1,234
2026-10-07T07:43:24+00:00,2026-10-07,EDIT,1,1,400
2026-10-07T07:43:24+00:00,2026-10-07,EDV,1,1,516
2026-10-07T07:43:24+00:00,2026-10-07,EE,1,1,744
2026-10-07T07:43:24+00:00,2026-10-07,EET,1,2,497
2026-10-07T07:43:24+00:00,2026-10-07,EG,1,5,793
2026-10-07T07:43:24+00:00,2026-10-07,EH,1,2,635
2026-10-07T07:43:24+00:00,2026-10-07,EL,1,1,246
2026-10-07T07:43:24+00:00,2026-10-07,ELMT,1,3,849
2026-10-07T07:43:24+00:00,2026-10-07,EMR,1,1,245
2026-10-07T07:43:24+00:00,2026-10-07,ENSG,1,2,319
2026-10-07T07:43:24+00:00,2026-10-07,EOSE,1,1,754
2026-10-07T07:43:24+00:00,2026-10-07,EPD,1,4,454
2026-10-07T07:43:24+00:00,2026-10-07,ERO,1,1,762
2026-10-07T07:43:24+00:00,2026-10-07,ES,5,10,87
2026-10-07T07:43:24+00:00,2026-10-07,ESG,1,1,535
2026-10-07T07:43:24+00:00,2026-10-07,ET,24,36,27
2026-10-07T07:43:24+00:00,2026-10-07,ETN,2,4,160
2026-10-07T07:43:24+00:00,2026-10-07,ETR,1,1,293
2026-10-07T07:43:24+00:00,2026-10-07,ETSY,1,1,348
2026-10-07T07:43:24+00:00,2026-10-07,EU,6,11,85
2026-10-07T07:43:24+00:00,2026-10-07,EVER,1,8,620
2026-10-07T07:43:24+00:00,2026-10-07,EVO,1,2,701
2026-10-07T07:43:24+00:00,2026-10-07,EW,1,6,244
2026-10-07T07:43:24+00:00,2026-10-07,EWJ,1,1,529
2026-10-07T07:43:24+00:00,2026-10-07,EWT,1,2,502
2026-10-07T07:43:24+00:00,2026-10-07,EWY,1,1,515
2026-10-07T07:43:24+00:00,2026-10-07,EWZ,6,7,79
2026-10-07T07:43:24+00:00,2026-10-07,EYE,1,1,398
2026-10-07T07:43:24+00:00,2026-10-07,FA,1,1,724
2026-10-07T07:43:24+00:00,2026-10-07,FAB,1,2,579
2026-10-07T07:43:24+00:00,2026-10-07,FANG,1,1,240
2026-10-07T07:43:24+00:00,2026-10-07,FAS,1,0,486
2026-10-07T07:43:24+00:00,2026-10-07,FAST,1,161,247
2026-10-07T07:43:24+00:00,2026-10-07,FCEL,1,2,619
2026-10-07T07:43:24+00:00,2026-10-07,FCF,15,32,37
2026-10-07T07:43:24+00:00,2026-10-07,FEAM,1,1,748
2026-10-07T07:43:24+00:00,2026-10-07,FEMY,1,2,800
2026-10-07T07:43:24+00:00,2026-10-07,FICO,1,1,369
2026-10-07T07:43:24+00:00,2026-10-07,FIG,1,1,836
2026-10-07T07:43:24+00:00,2026-10-07,FIGS,1,3,706
2026-10-07T07:43:24+00:00,2026-10-07,FIVN,1,0,346
2026-10-07T07:43:24+00:00,2026-10-07,FIX,1,3,364
2026-10-07T07:43:24+00:00,2026-10-07,FLBR,1,1,522
2026-10-07T07:43:24+00:00,2026-10-07,FLY,1,2,450
2026-10-07T07:43:24+00:00,2026-10-07,FM,1,1,510
2026-10-07T07:43:24+00:00,2026-10-07,FNV,1,3,395
2026-10-07T07:43:24+00:00,2026-10-07,FOR,5,16,94
2026-10-07T07:43:24+00:00,2026-10-07,FOX,1,2,248
2026-10-07T07:43:24+00:00,2026-10-07,FPS,1,1,844
2026-10-07T07:43:24+00:00,2026-10-07,FR,1,0,452
2026-10-07T07:43:24+00:00,2026-10-07,FRMI,1,1,841
2026-10-07T07:43:24+00:00,2026-10-07,FRO,1,1,663
2026-10-07T07:43:24+00:00,2026-10-07,FRVO,1,1,852
2026-10-07T07:43:24+00:00,2026-10-07,FSLR,1,1,347
2026-10-07T07:43:24+00:00,2026-10-07,FTC,1,2,604
2026-10-07T07:43:24+00:00,2026-10-07,FTEC,1,21,557
2026-10-07T07:43:24+00:00,2026-10-07,FTW,1,9,847
2026-10-07T07:43:24+00:00,2026-10-07,FWRG,1,2,756
2026-10-07T07:43:24+00:00,2026-10-07,GAIN,1,99,643
2026-10-07T07:43:24+00:00,2026-10-07,GAP,1,10,823
2026-10-07T07:43:24+00:00,2026-10-07,GCT,1,1,757
2026-10-07T07:43:24+00:00,2026-10-07,GD,1,4,249
2026-10-07T07:43:24+00:00,2026-10-07,GE,2,27,152
2026-10-07T07:43:24+00:00,2026-10-07,GEHC,1,1,779
2026-10-07T07:43:24+00:00,2026-10-07,GEN,1,1,448
2026-10-07T07:43:24+00:00,2026-10-07,GEO,1,1,630
2026-10-07T07:43:24+00:00,2026-10-07,GERN,1,1,618
2026-10-07T07:43:24+00:00,2026-10-07,GEV,1,4,820
2026-10-07T07:43:24+00:00,2026-10-07,GEVO,1,1,610
2026-10-07T07:43:24+00:00,2026-10-07,GIC,1,1,732
2026-10-07T07:43:24+00:00,2026-10-07,GIII,1,1,684
2026-10-07T07:43:24+00:00,2026-10-07,GL,2,7,153
2026-10-07T07:43:24+00:00,2026-10-07,GLAS,1,2,862
2026-10-07T07:43:24+00:00,2026-10-07,GLD,7,11,70
2026-10-07T07:43:24+00:00,2026-10-07,GLND,1,1,859
2026-10-07T07:43:24+00:00,2026-10-07,GLP,3,0,142
2026-10-07T07:43:24+00:00,2026-10-07,GLW,1,2,235
2026-10-07T07:43:24+00:00,2026-10-07,GM,1,1,250
2026-10-07T07:43:24+00:00,2026-10-07,GME,6,9,81
2026-10-07T07:43:24+00:00,2026-10-07,GNS,1,1,743
2026-10-07T07:43:24+00:00,2026-10-07,GO,7,9,65
2026-10-07T07:43:24+00:00,2026-10-07,GOAT,4,21,111
2026-10-07T07:43:24+00:00,2026-10-07,GOGO,1,2,626
2026-10-07T07:43:24+00:00,2026-10-07,GOOG,30,78,22
2026-10-07T07:43:24+00:00,2026-10-07,GOOGL,22,64,32
2026-10-07T07:43:24+00:00,2026-10-07,GP,1,2,718
2026-10-07T07:43:24+00:00,2026-10-07,GPL,1,4,645
2026-10-07T07:43:24+00:00,2026-10-07,GPRO,1,5,399
2026-10-07T07:43:24+00:00,2026-10-07,GRAB,2,5,185
2026-10-07T07:43:24+00:00,2026-10-07,GRPN,3,7,129
2026-10-07T07:43:24+00:00,2026-10-07,GS,1,14,251
2026-10-07T07:43:24+00:00,2026-10-07,GSK,1,1,304
2026-10-07T07:43:24+00:00,2026-10-07,GT,1,1,318
2026-10-07T07:43:24+00:00,2026-10-07,GTLB,1,6,691
2026-10-07T07:43:24+00:00,2026-10-07,GTX,1,2,449
2026-10-07T07:43:24+00:00,2026-10-07,GUTS,1,1,805
2026-10-07T07:43:24+00:00,2026-10-07,HACK,1,1,570
2026-10-07T07:43:24+00:00,2026-10-07,HAL,1,18,252
2026-10-07T07:43:24+00:00,2026-10-07,HALO,1,3,345
2026-10-07T07:43:24+00:00,2026-10-07,HAS,9,7,52
2026-10-07T07:43:24+00:00,2026-10-07,HBM,6,179,76
2026-10-07T07:43:24+00:00,2026-10-07,HD,1,1,198
2026-10-07T07:43:24+00:00,2026-10-07,HE,1,0,370
2026-10-07T07:43:24+00:00,2026-10-07,HEAR,1,2,639
2026-10-07T07:43:24+00:00,2026-10-07,HERE,2,0,193
2026-10-07T07:43:24+00:00,2026-10-07,HIMS,1,1,720
2026-10-07T07:43:24+00:00,2026-10-07,HL,1,1,372
2026-10-07T07:43:24+00:00,2026-10-07,HON,1,6,288
2026-10-07T07:43:24+00:00,2026-10-07,HOOD,10,21,51
2026-10-07T07:43:24+00:00,2026-10-07,HOPE,1,1,685
2026-10-07T07:43:24+00:00,2026-10-07,HOUR,1,1,721
2026-10-07T07:43:24+00:00,2026-10-07,HP,1,2,616
2026-10-07T07:43:24+00:00,2026-10-07,HPE,1,1,253
2026-10-07T07:43:24+00:00,2026-10-07,HR,1,1,371
2026-10-07T07:43:24+00:00,2026-10-07,HSAI,1,1,775
2026-10-07T07:43:24+00:00,2026-10-07,HSBC,1,5,303
2026-10-07T07:43:24+00:00,2026-10-07,HTB,1,1,831
2026-10-07T07:43:24+00:00,2026-10-07,HTFL,1,3,837
2026-10-07T07:43:24+00:00,2026-10-07,HTZ,103,317,6
2026-10-07T07:43:24+00:00,2026-10-07,HUM,1,1,254
2026-10-07T07:43:24+00:00,2026-10-07,IA,1,1,863
2026-10-07T07:43:24+00:00,2026-10-07,IBD,1,1,492
2026-10-07T07:43:24+00:00,2026-10-07,IBKR,2,7,169
2026-10-07T07:43:24+00:00,2026-10-07,IBM,1,3,210
2026-10-07T07:43:24+00:00,2026-10-07,IBRX,2,2,184
2026-10-07T07:43:24+00:00,2026-10-07,ICE,2,0,154
2026-10-07T07:43:24+00:00,2026-10-07,ICU,1,2,816
2026-10-07T07:43:24+00:00,2026-10-07,IDA,1,1,446
2026-10-07T07:43:24+00:00,2026-10-07,IE,1,2,746
2026-10-07T07:43:24+00:00,2026-10-07,IEF,1,2,575
2026-10-07T07:43:24+00:00,2026-10-07,IG,1,19,528
2026-10-07T07:43:24+00:00,2026-10-07,IGF,1,1,495
2026-10-07T07:43:24+00:00,2026-10-07,IGM,1,2,524
2026-10-07T07:43:24+00:00,2026-10-07,III,1,1,481
2026-10-07T07:43:24+00:00,2026-10-07,ILF,1,0,589
2026-10-07T07:43:24+00:00,2026-10-07,ILMN,1,2,255
2026-10-07T07:43:24+00:00,2026-10-07,IMC,1,1,860
2026-10-07T07:43:24+00:00,2026-10-07,INDV,1,1,801
2026-10-07T07:43:24+00:00,2026-10-07,INFQ,15,74,38
2026-10-07T07:43:24+00:00,2026-10-07,INGN,1,2,675
2026-10-07T07:43:24+00:00,2026-10-07,INOD,1,5,777
2026-10-07T07:43:24+00:00,2026-10-07,INTC,36,49,16
2026-10-07T07:43:24+00:00,2026-10-07,INTL,1,2,625
2026-10-07T07:43:24+00:00,2026-10-07,INTR,1,1,749
2026-10-07T07:43:24+00:00,2026-10-07,INTU,1,1,256
2026-10-07T07:43:24+00:00,2026-10-07,IONQ,3,8,140
2026-10-07T07:43:24+00:00,2026-10-07,IOVA,1,4,344
2026-10-07T07:43:24+00:00,2026-10-07,IP,4,5,101
2026-10-07T07:43:24+00:00,2026-10-07,IQ,9,42,53
2026-10-07T07:43:24+00:00,2026-10-07,IR,1,1,294
2026-10-07T07:43:24+00:00,2026-10-07,IREN,3,6,141
2026-10-07T07:43:24+00:00,2026-10-07,ISRG,1,2,295
2026-10-07T07:43:24+00:00,2026-10-07,IT,14,59,39
2026-10-07T07:43:24+00:00,2026-10-07,ITA,1,2,592
2026-10-07T07:43:24+00:00,2026-10-07,ITB,1,1,489
2026-10-07T07:43:24+00:00,2026-10-07,ITUB,1,1,445
2026-10-07T07:43:24+00:00,2026-10-07,IVV,1,825,594
2026-10-07T07:43:24+00:00,2026-10-07,IWL,1,1,488
2026-10-07T07:43:24+00:00,2026-10-07,IWM,17,21,36
2026-10-07T07:43:24+00:00,2026-10-07,IWN,1,2,599
2026-10-07T07:43:24+00:00,2026-10-07,IWO,1,1,508
2026-10-07T07:43:24+00:00,2026-10-07,IWR,1,1,530
2026-10-07T07:43:24+00:00,2026-10-07,JACK,1,2,343
2026-10-07T07:43:24+00:00,2026-10-07,JAGX,1,2,739
2026-10-07T07:43:24+00:00,2026-10-07,JCI,1,2,257
2026-10-07T07:43:24+00:00,2026-10-07,JD,1,1,480
2026-10-07T07:43:24+00:00,2026-10-07,JMKE,1,1,861
2026-10-07T07:43:24+00:00,2026-10-07,JOB,1,2,799
2026-10-07T07:43:24+00:00,2026-10-07,JOBY,1,2,677
2026-10-07T07:43:24+00:00,2026-10-07,JPM,3,15,121
2026-10-07T07:43:24+00:00,2026-10-07,JUST,4,29,109
2026-10-07T07:43:24+00:00,2026-10-07,JW,1,1,722
2026-10-07T07:43:24+00:00,2026-10-07,KB,1,1,444
2026-10-07T07:43:24+00:00,2026-10-07,KD,1,0,725
2026-10-07T07:43:24+00:00,2026-10-07,KDK,1,1,866
2026-10-07T07:43:24+00:00,2026-10-07,KEEL,1,1,854
2026-10-07T07:43:24+00:00,2026-10-07,KHC,1,11,259
2026-10-07T07:43:24+00:00,2026-10-07,KIDS,1,0,686
2026-10-07T07:43:24+00:00,2026-10-07,KIND,1,13,714
2026-10-07T07:43:24+00:00,2026-10-07,KITT,2,5,189
2026-10-07T07:43:24+00:00,2026-10-07,KLAC,1,1,258
2026-10-07T07:43:24+00:00,2026-10-07,KLAR,1,1,840
2026-10-07T07:43:24+00:00,2026-10-07,KLIC,1,0,680
2026-10-07T07:43:24+00:00,2026-10-07,KO,1,1,199
2026-10-07T07:43:24+00:00,2026-10-07,KOD,1,1,342
2026-10-07T07:43:24+00:00,2026-10-07,KORU,1,1,505
2026-10-07T07:43:24+00:00,2026-10-07,KTOS,1,1,341
2026-10-07T07:43:24+00:00,2026-10-07,KWEB,1,1,546
2026-10-07T07:43:24+00:00,2026-10-07,LCID,1,2,657
2026-10-07T07:43:24+00:00,2026-10-07,LDI,1,2,703
2026-10-07T07:43:24+00:00,2026-10-07,LE,1,3,671
2026-10-07T07:43:24+00:00,2026-10-07,LEN,1,1,261
2026-10-07T07:43:24+00:00,2026-10-07,LEVI,1,2,443
2026-10-07T07:43:24+00:00,2026-10-07,LI,1,1,484
2026-10-07T07:43:24+00:00,2026-10-07,LIEN,1,1,828
2026-10-07T07:43:24+00:00,2026-10-07,LIFE,1,1,695
2026-10-07T07:43:24+00:00,2026-10-07,LINE,1,1,822
2026-10-07T07:43:24+00:00,2026-10-07,LINK,1,1,798
2026-10-07T07:43:24+00:00,2026-10-07,LITE,2,3,166
2026-10-07T07:43:24+00:00,2026-10-07,LLY,1,1,209
2026-10-07T07:43:24+00:00,2026-10-07,LMT,1,1,213
2026-10-07T07:43:24+00:00,2026-10-07,LNG,1,1,409
2026-10-07T07:43:24+00:00,2026-10-07,LNT,1,2,218
2026-10-07T07:43:24+00:00,2026-10-07,LOB,1,1,642
2026-10-07T07:43:24+00:00,2026-10-07,LOT,1,1,808
2026-10-07T07:43:24+00:00,2026-10-07,LOVE,6,13,82
2026-10-07T07:43:24+00:00,2026-10-07,LQDA,1,1,741
2026-10-07T07:43:24+00:00,2026-10-07,LSAK,1,1,759
2026-10-07T07:43:24+00:00,2026-10-07,LTC,1,2,373
2026-10-07T07:43:24+00:00,2026-10-07,LU,1,1,692
2026-10-07T07:43:24+00:00,2026-10-07,LUCD,1,1,753
2026-10-07T07:43:24+00:00,2026-10-07,LULU,22,43,31
2026-10-07T07:43:24+00:00,2026-10-07,LUMN,1,0,485
2026-10-07T07:43:24+00:00,2026-10-07,LUNR,1,1,802
2026-10-07T07:43:24+00:00,2026-10-07,LW,1,2,260
2026-10-07T07:43:24+00:00,2026-10-07,LWLG,1,1,731
2026-10-07T07:43:24+00:00,2026-10-07,LX,1,1,609
2026-10-07T07:43:24+00:00,2026-10-07,LYFE,1,1,585
2026-10-07T07:43:24+00:00,2026-10-07,MA,1,1,195
2026-10-07T07:43:24+00:00,2026-10-07,MAGA,1,2,525
2026-10-07T07:43:24+00:00,2026-10-07,MAIN,1,4,375
2026-10-07T07:43:24+00:00,2026-10-07,MAN,1,1,377
2026-10-07T07:43:24+00:00,2026-10-07,MANU,1,1,376
2026-10-07T07:43:24+00:00,2026-10-07,MARK,1,1,328
2026-10-07T07:43:24+00:00,2026-10-07,MAT,4,5,107
2026-10-07T07:43:24+00:00,2026-10-07,MAX,1,6,729
2026-10-07T07:43:24+00:00,2026-10-07,MBGL,1,12,858
2026-10-07T07:43:24+00:00,2026-10-07,MBLY,1,2,768
2026-10-07T07:43:24+00:00,2026-10-07,MBT,1,1,439
2026-10-07T07:43:24+00:00,2026-10-07,MC,1,2,629
2026-10-07T07:43:24+00:00,2026-10-07,MCD,8,27,59
2026-10-07T07:43:24+00:00,2026-10-07,MCO,1,12,296
2026-10-07T07:43:24+00:00,2026-10-07,MD,1,5,442
2026-10-07T07:43:24+00:00,2026-10-07,MDA,1,0,845
2026-10-07T07:43:24+00:00,2026-10-07,MEDP,1,2,339
2026-10-07T07:43:24+00:00,2026-10-07,MELI,2,6,165
2026-10-07T07:43:24+00:00,2026-10-07,META,13,25,42
2026-10-07T07:43:24+00:00,2026-10-07,MGY,1,1,374
2026-10-07T07:43:24+00:00,2026-10-07,MH,1,2,864
2026-10-07T07:43:24+00:00,2026-10-07,MIR,1,5,726
2026-10-07T07:43:24+00:00,2026-10-07,MITK,1,0,644
2026-10-07T07:43:24+00:00,2026-10-07,MJ,1,2,584
2026-10-07T07:43:24+00:00,2026-10-07,MKC,1,1,263
2026-10-07T07:43:24+00:00,2026-10-07,MLP,1,2,813
2026-10-07T07:43:24+00:00,2026-10-07,MMA,2,17,191
2026-10-07T07:43:24+00:00,2026-10-07,MMS,1,3,378
2026-10-07T07:43:24+00:00,2026-10-07,MO,1,1,219
2026-10-07T07:43:24+00:00,2026-10-07,MOAT,1,1,561
2026-10-07T07:43:24+00:00,2026-10-07,MOBX,2,3,192
2026-10-07T07:43:24+00:00,2026-10-07,MOD,1,2,659
2026-10-07T07:43:24+00:00,2026-10-07,MOS,1,1,264
2026-10-07T07:43:24+00:00,2026-10-07,MOVE,3,7,143
2026-10-07T07:43:24+00:00,2026-10-07,MP,1,1,688
2026-10-07T07:43:24+00:00,2026-10-07,MPC,1,4,262
2026-10-07T07:43:24+00:00,2026-10-07,MQ,1,1,694
2026-10-07T07:43:24+00:00,2026-10-07,MRNA,11,9,47
2026-10-07T07:43:24+00:00,2026-10-07,MRVL,49,75,10
2026-10-07T07:43:24+00:00,2026-10-07,MS,3,19,124
2026-10-07T07:43:24+00:00,2026-10-07,MSCI,3,8,119
2026-10-07T07:43:24+00:00,2026-10-07,MSFT,37,204,13
2026-10-07T07:43:24+00:00,2026-10-07,MSM,1,1,438
2026-10-07T07:43:24+00:00,2026-10-07,MSOS,1,2,542
2026-10-07T07:43:24+00:00,2026-10-07,MSTR,8,12,63
2026-10-07T07:43:24+00:00,2026-10-07,MT,1,1,305
2026-10-07T07:43:24+00:00,2026-10-07,MTG,1,1,440
2026-10-07T07:43:24+00:00,2026-10-07,MTH,1,2,441
2026-10-07T07:43:24+00:00,2026-10-07,MU,261,867,2
2026-10-07T07:43:24+00:00,2026-10-07,MVST,1,1,661
2026-10-07T07:43:24+00:00,2026-10-07,NA,1,2,751
2026-10-07T07:43:24+00:00,2026-10-07,NAT,1,2,681
2026-10-07T07:43:24+00:00,2026-10-07,NAUT,1,3,698
2026-10-07T07:43:24+00:00,2026-10-07,NB,1,1,796
2026-10-07T07:43:24+00:00,2026-10-07,NBIS,23,57,30
2026-10-07T07:43:24+00:00,2026-10-07,NCLH,1,0,268
2026-10-07T07:43:24+00:00,2026-10-07,NDAQ,1,1,265
2026-10-07T07:43:24+00:00,2026-10-07,NE,1,2,614
2026-10-07T07:43:24+00:00,2026-10-07,NEO,1,1,397
2026-10-07T07:43:24+00:00,2026-10-07,NEON,1,2,814
2026-10-07T07:43:24+00:00,2026-10-07,NET,3,5,135
2026-10-07T07:43:24+00:00,2026-10-07,NEWT,1,1,633
2026-10-07T07:43:24+00:00,2026-10-07,NEXT,1,3,745
2026-10-07T07:43:24+00:00,2026-10-07,NFE,1,2,338
2026-10-07T07:43:24+00:00,2026-10-07,NFLX,25,38,26
2026-10-07T07:43:24+00:00,2026-10-07,NGL,1,2,641
2026-10-07T07:43:24+00:00,2026-10-07,NICE,1,0,337
2026-10-07T07:43:24+00:00,2026-10-07,NIO,1,1,436
2026-10-07T07:43:24+00:00,2026-10-07,NKE,28,34,23
2026-10-07T07:43:24+00:00,2026-10-07,NKTX,1,1,747
2026-10-07T07:43:24+00:00,2026-10-07,NLR,1,1,509
2026-10-07T07:43:24+00:00,2026-10-07,NNE,1,1,811
2026-10-07T07:43:24+00:00,2026-10-07,NNN,1,1,437
2026-10-07T07:43:24+00:00,2026-10-07,NOC,1,1,267
2026-10-07T07:43:24+00:00,2026-10-07,NOK,9,13,54
2026-10-07T07:43:24+00:00,2026-10-07,NOW,4,9,102
2026-10-07T07:43:24+00:00,2026-10-07,NRXP,1,1,654
2026-10-07T07:43:24+00:00,2026-10-07,NTSK,1,5,839
2026-10-07T07:43:24+00:00,2026-10-07,NTZ,1,1,797
2026-10-07T07:43:24+00:00,2026-10-07,NU,2,4,183
2026-10-07T07:43:24+00:00,2026-10-07,NUAI,1,1,867
2026-10-07T07:43:24+00:00,2026-10-07,NVA,1,1,821
2026-10-07T07:43:24+00:00,2026-10-07,NVAX,1,1,336
2026-10-07T07:43:24+00:00,2026-10-07,NVDA,167,2295,4
2026-10-07T07:43:24+00:00,2026-10-07,NVO,6,11,72
2026-10-07T07:43:24+00:00,2026-10-07,NVS,1,15,201
2026-10-07T07:43:24+00:00,2026-10-07,NVTS,1,1,715
2026-10-07T07:43:24+00:00,2026-10-07,NWS,1,2,266
2026-10-07T07:43:24+00:00,2026-10-07,NXH,1,1,868
2026-10-07T07:43:24+00:00,2026-10-07,NXPI,1,2,335
2026-10-07T07:43:24+00:00,2026-10-07,NXT,1,3,776
2026-10-07T07:43:24+00:00,2026-10-07,NYT,1,8,379
2026-10-07T07:43:24+00:00,2026-10-07,O,1,1,273
2026-10-07T07:43:24+00:00,2026-10-07,OCGN,1,0,607
2026-10-07T07:43:24+00:00,2026-10-07,ODC,1,1,434
2026-10-07T07:43:24+00:00,2026-10-07,OG,2,157,182
2026-10-07T07:43:24+00:00,2026-10-07,OI,1,3,435
2026-10-07T07:43:24+00:00,2026-10-07,OKLO,14,16,40
2026-10-07T07:43:24+00:00,2026-10-07,OKTA,1,0,334
2026-10-07T07:43:24+00:00,2026-10-07,OLB,2,8,181
2026-10-07T07:43:24+00:00,2026-10-07,OLED,1,2,315
2026-10-07T07:43:24+00:00,2026-10-07,OM,1,1,689
2026-10-07T07:43:24+00:00,2026-10-07,OMDA,1,0,865
2026-10-07T07:43:24+00:00,2026-10-07,OMER,1,1,794
2026-10-07T07:43:24+00:00,2026-10-07,ON,4,19,106
2026-10-07T07:43:24+00:00,2026-10-07,ONDS,5,11,97
2026-10-07T07:43:24+00:00,2026-10-07,ONON,1,1,693
2026-10-07T07:43:24+00:00,2026-10-07,OPEN,6,8,83
2026-10-07T07:43:24+00:00,2026-10-07,OPTT,1,0,608
2026-10-07T07:43:24+00:00,2026-10-07,OPTX,1,1,817
2026-10-07T07:43:24+00:00,2026-10-07,OR,1,1,433
2026-10-07T07:43:24+00:00,2026-10-07,ORBS,1,1,869
2026-10-07T07:43:24+00:00,2026-10-07,ORCL,8,14,58
2026-10-07T07:43:24+00:00,2026-10-07,ORGN,1,1,704
2026-10-07T07:43:24+00:00,2026-10-07,OSS,1,0,815
2026-10-07T07:43:24+00:00,2026-10-07,OUST,1,2,672
2026-10-07T07:43:24+00:00,2026-10-07,OUT,5,9,95
2026-10-07T07:43:24+00:00,2026-10-07,P,1,1,856
2026-10-07T07:43:24+00:00,2026-10-07,PAC,1,1,447
2026-10-07T07:43:24+00:00,2026-10-07,PACB,1,4,333
2026-10-07T07:43:24+00:00,2026-10-07,PAM,1,2,431
2026-10-07T07:43:24+00:00,2026-10-07,PANW,6,11,75
2026-10-07T07:43:24+00:00,2026-10-07,PATH,1,1,656
2026-10-07T07:43:24+00:00,2026-10-07,PAY,1,1,712
2026-10-07T07:43:24+00:00,2026-10-07,PB,1,1,382
2026-10-07T07:43:24+00:00,2026-10-07,PBR,1,3,430
2026-10-07T07:43:24+00:00,2026-10-07,PCB,1,2,795
2026-10-07T07:43:24+00:00,2026-10-07,PCVX,1,1,314
2026-10-07T07:43:24+00:00,2026-10-07,PD,1,2,432
2026-10-07T07:43:24+00:00,2026-10-07,PDSB,1,1,606
2026-10-07T07:43:24+00:00,2026-10-07,PED,1,0,359
2026-10-07T07:43:24+00:00,2026-10-07,PEG,2,3,162
2026-10-07T07:43:24+00:00,2026-10-07,PENG,32,56,19
2026-10-07T07:43:24+00:00,2026-10-07,PEP,1,1,202
2026-10-07T07:43:24+00:00,2026-10-07,PFE,1,1,203
2026-10-07T07:43:24+00:00,2026-10-07,PG,1,3,196
2026-10-07T07:43:24+00:00,2026-10-07,PGR,2,17,155
2026-10-07T07:43:24+00:00,2026-10-07,PH,1,1,269
2026-10-07T07:43:24+00:00,2026-10-07,PHO,1,1,566
2026-10-07T07:43:24+00:00,2026-10-07,PICK,1,2,593
2026-10-07T07:43:24+00:00,2026-10-07,PIE,1,1,491
2026-10-07T07:43:24+00:00,2026-10-07,PIK,1,1,702
2026-10-07T07:43:24+00:00,2026-10-07,PINS,1,2,380
2026-10-07T07:43:24+00:00,2026-10-07,PL,1,1,734
2026-10-07T07:43:24+00:00,2026-10-07,PLBY,1,3,711
2026-10-07T07:43:24+00:00,2026-10-07,PLTR,7,38,68
2026-10-07T07:43:24+00:00,2026-10-07,PLUS,1,2,621
2026-10-07T07:43:24+00:00,2026-10-07,PLX,1,1,358
2026-10-07T07:43:24+00:00,2026-10-07,PNW,1,0,297
2026-10-07T07:43:24+00:00,2026-10-07,POET,1,0,792
2026-10-07T07:43:24+00:00,2026-10-07,POST,1,6,381
2026-10-07T07:43:24+00:00,2026-10-07,PPA,1,4,498
2026-10-07T07:43:24+00:00,2026-10-07,PR,1,2,770
2026-10-07T07:43:24+00:00,2026-10-07,PRE,1,3,765
2026-10-07T07:43:24+00:00,2026-10-07,PRN,1,0,533
2026-10-07T07:43:24+00:00,2026-10-07,PROP,1,45,812
2026-10-07T07:43:24+00:00,2026-10-07,PS,4,27,105
2026-10-07T07:43:24+00:00,2026-10-07,PSA,1,3,271
2026-10-07T07:43:24+00:00,2026-10-07,PSKY,1,1,838
2026-10-07T07:43:24+00:00,2026-10-07,PSL,1,1,490
2026-10-07T07:43:24+00:00,2026-10-07,PSX,1,4,270
2026-10-07T07:43:24+00:00,2026-10-07,PTC,1,3,332
2026-10-07T07:43:24+00:00,2026-10-07,PTLO,1,1,697
2026-10-07T07:43:24+00:00,2026-10-07,PUMP,5,17,93
2026-10-07T07:43:24+00:00,2026-10-07,PWR,3,6,120
2026-10-07T07:43:24+00:00,2026-10-07,PYPL,1,1,208
2026-10-07T07:43:24+00:00,2026-10-07,QBTS,1,3,766
2026-10-07T07:43:24+00:00,2026-10-07,QCOM,2,3,156
2026-10-07T07:43:24+00:00,2026-10-07,QDEL,1,0,331
2026-10-07T07:43:24+00:00,2026-10-07,QLD,1,5,517
2026-10-07T07:43:24+00:00,2026-10-07,QNT,1,2,853
2026-10-07T07:43:24+00:00,2026-10-07,QQQ,118,276,5
2026-10-07T07:43:24+00:00,2026-10-07,QQQM,1,1,602
2026-10-07T07:43:24+00:00,2026-10-07,QSI,1,3,738
2026-10-07T07:43:24+00:00,2026-10-07,QTUM,1,3,487
2026-10-07T07:43:24+00:00,2026-10-07,QXO,1,1,826
2026-10-07T07:43:24+00:00,2026-10-07,RACE,1,3,453
2026-10-07T07:43:24+00:00,2026-10-07,RBC,1,5,429
2026-10-07T07:43:24+00:00,2026-10-07,RC,1,1,647
2026-10-07T07:43:24+00:00,2026-10-07,RCAT,1,0,740
2026-10-07T07:43:24+00:00,2026-10-07,RDDT,22,626,33
2026-10-07T07:43:24+00:00,2026-10-07,RE,2,8,161
2026-10-07T07:43:24+00:00,2026-10-07,REAL,1,0,317
2026-10-07T07:43:24+00:00,2026-10-07,RENT,1,3,707
2026-10-07T07:43:24+00:00,2026-10-07,RGTI,1,3,737
2026-10-07T07:43:24+00:00,2026-10-07,RIG,2,4,177
2026-10-07T07:43:24+00:00,2026-10-07,RIVN,1,3,705
2026-10-07T07:43:24+00:00,2026-10-07,RKLB,31,43,20
2026-10-07T07:43:24+00:00,2026-10-07,RL,1,0,298
2026-10-07T07:43:24+00:00,2026-10-07,RM,1,2,646
2026-10-07T07:43:24+00:00,2026-10-07,RMBS,1,1,330
2026-10-07T07:43:24+00:00,2026-10-07,RNA,5,12,96
2026-10-07T07:43:24+00:00,2026-10-07,RNG,1,6,383
2026-10-07T07:43:24+00:00,2026-10-07,ROAD,1,8,622
2026-10-07T07:43:24+00:00,2026-10-07,ROK,1,2,274
2026-10-07T07:43:24+00:00,2026-10-07,ROLL,1,1,329
2026-10-07T07:43:24+00:00,2026-10-07,RPM,1,1,384
2026-10-07T07:43:24+00:00,2026-10-07,RR,5,17,98
2026-10-07T07:43:24+00:00,2026-10-07,RRX,1,1,696
2026-10-07T07:43:24+00:00,2026-10-07,RS,1,1,428
2026-10-07T07:43:24+00:00,2026-10-07,RSP,11,17,49
2026-10-07T07:43:24+00:00,2026-10-07,RTH,1,2,513
2026-10-07T07:43:24+00:00,2026-10-07,RTO,1,1,771
2026-10-07T07:43:24+00:00,2026-10-07,RTX,2,9,171
2026-10-07T07:43:24+00:00,2026-10-07,RUM,1,0,761
2026-10-07T07:43:24+00:00,2026-10-07,RUN,1,0,324
2026-10-07T07:43:24+00:00,2026-10-07,RXO,1,1,772
2026-10-07T07:43:24+00:00,2026-10-07,RXRX,4,11,112
2026-10-07T07:43:24+00:00,2026-10-07,SA,1,8,425
2026-10-07T07:43:24+00:00,2026-10-07,SAFE,1,3,385
2026-10-07T07:43:24+00:00,2026-10-07,SAP,1,5,206
2026-10-07T07:43:24+00:00,2026-10-07,SATS,1,2,401
2026-10-07T07:43:24+00:00,2026-10-07,SAVE,1,2,387
2026-10-07T07:43:24+00:00,2026-10-07,SCC,1,1,581
2026-10-07T07:43:24+00:00,2026-10-07,SCHD,1,3,514
2026-10-07T07:43:24+00:00,2026-10-07,SCHG,1,1,564
2026-10-07T07:43:24+00:00,2026-10-07,SCHX,1,2,540
2026-10-07T07:43:24+00:00,2026-10-07,SCI,1,1,423
2026-10-07T07:43:24+00:00,2026-10-07,SCKT,2,4,188
2026-10-07T07:43:24+00:00,2026-10-07,SD,4,12,108
2026-10-07T07:43:24+00:00,2026-10-07,SE,1,6,426
2026-10-07T07:43:24+00:00,2026-10-07,SERV,1,2,422
2026-10-07T07:43:24+00:00,2026-10-07,SES,1,1,736
2026-10-07T07:43:24+00:00,2026-10-07,SF,1,14,420
2026-10-07T07:43:24+00:00,2026-10-07,SG,1,2,710
2026-10-07T07:43:24+00:00,2026-10-07,SGA,1,1,789
2026-10-07T07:43:24+00:00,2026-10-07,SGOV,6,12,80
2026-10-07T07:43:24+00:00,2026-10-07,SH,1,1,582
2026-10-07T07:43:24+00:00,2026-10-07,SHE,1,1,554
2026-10-07T07:43:24+00:00,2026-10-07,SHEL,1,2,742
2026-10-07T07:43:24+00:00,2026-10-07,SI,1,1,676
2026-10-07T07:43:24+00:00,2026-10-07,SIM,3,37,126
2026-10-07T07:43:24+00:00,2026-10-07,SIRI,1,1,326
2026-10-07T07:43:24+00:00,2026-10-07,SKY,1,2,687
2026-10-07T07:43:24+00:00,2026-10-07,SLM,1,1,325
2026-10-07T07:43:24+00:00,2026-10-07,SLND,1,2,788
2026-10-07T07:43:24+00:00,2026-10-07,SLS,2,3,176
2026-10-07T07:43:24+00:00,2026-10-07,SLV,1,2,553
2026-10-07T07:43:24+00:00,2026-10-07,SMA,8,14,64
2026-10-07T07:43:24+00:00,2026-10-07,SMB,1,2,545
2026-10-07T07:43:24+00:00,2026-10-07,SMC,1,3,830
2026-10-07T07:43:24+00:00,2026-10-07,SMCI,5,8,90
2026-10-07T07:43:24+00:00,2026-10-07,SMH,9,40,56
2026-10-07T07:43:24+00:00,2026-10-07,SMR,1,1,758
2026-10-07T07:43:24+00:00,2026-10-07,SMTC,1,1,327
2026-10-07T07:43:24+00:00,2026-10-07,SNAP,7,8,66
2026-10-07T07:43:24+00:00,2026-10-07,SNDK,70,237,8
2026-10-07T07:43:24+00:00,2026-10-07,SNOW,1,1,483
2026-10-07T07:43:24+00:00,2026-10-07,SNY,1,2,211
2026-10-07T07:43:24+00:00,2026-10-07,SO,2,1,157
2026-10-07T07:43:24+00:00,2026-10-07,SOFI,3,10,137
2026-10-07T07:43:24+00:00,2026-10-07,SOL,1,16,427
2026-10-07T07:43:24+00:00,2026-10-07,SON,1,0,421
2026-10-07T07:43:24+00:00,2026-10-07,SOS,1,0,650
2026-10-07T07:43:24+00:00,2026-10-07,SOUN,2,6,187
2026-10-07T07:43:24+00:00,2026-10-07,SOXL,21,32,34
2026-10-07T07:43:24+00:00,2026-10-07,SOXS,4,10,110
2026-10-07T07:43:24+00:00,2026-10-07,SOXX,5,7,91
2026-10-07T07:43:24+00:00,2026-10-07,SOYB,1,3,493
2026-10-07T07:43:24+00:00,2026-10-07,SPCE,1,1,360
2026-10-07T07:43:24+00:00,2026-10-07,SPCX,96,228,7
2026-10-07T07:43:24+00:00,2026-10-07,SPGI,1,12,299
2026-10-07T07:43:24+00:00,2026-10-07,SPH,1,3,750
2026-10-07T07:43:24+00:00,2026-10-07,SPMO,1,4,583
2026-10-07T07:43:24+00:00,2026-10-07,SPOT,1,1,388
2026-10-07T07:43:24+00:00,2026-10-07,SPXL,1,1,558
2026-10-07T07:43:24+00:00,2026-10-07,SPXU,1,1,573
2026-10-07T07:43:24+00:00,2026-10-07,SPY,356,1154,1
2026-10-07T07:43:24+00:00,2026-10-07,SPYD,1,2,506
2026-10-07T07:43:24+00:00,2026-10-07,SQ,1,2,389
2026-10-07T07:43:24+00:00,2026-10-07,SQQQ,1,6,580
2026-10-07T07:43:24+00:00,2026-10-07,SR,1,8,386
2026-10-07T07:43:24+00:00,2026-10-07,SRFM,1,2,791
2026-10-07T07:43:24+00:00,2026-10-07,SSD,3,43,134
2026-10-07T07:43:24+00:00,2026-10-07,SSL,1,1,634
2026-10-07T07:43:24+00:00,2026-10-07,SSO,1,7,537
2026-10-07T07:43:24+00:00,2026-10-07,ST,1,0,424
2026-10-07T07:43:24+00:00,2026-10-07,STDN,1,2,857
2026-10-07T07:43:24+00:00,2026-10-07,STEM,1,0,669
2026-10-07T07:43:24+00:00,2026-10-07,STI,1,8,818
2026-10-07T07:43:24+00:00,2026-10-07,STM,1,2,419
2026-10-07T07:43:24+00:00,2026-10-07,STNG,1,1,660
2026-10-07T07:43:24+00:00,2026-10-07,STRL,1,1,664
2026-10-07T07:43:24+00:00,2026-10-07,STX,26,50,24
2026-10-07T07:43:24+00:00,2026-10-07,STZ,3,5,123
2026-10-07T07:43:24+00:00,2026-10-07,SU,1,1,394
2026-10-07T07:43:24+00:00,2026-10-07,SW,1,5,824
2026-10-07T07:43:24+00:00,2026-10-07,SYK,1,2,275
2026-10-07T07:43:24+00:00,2026-10-07,SYM,1,2,767
2026-10-07T07:43:24+00:00,2026-10-07,SYNA,1,1,323
2026-10-07T07:43:24+00:00,2026-10-07,T,1,3,197
2026-10-07T07:43:24+00:00,2026-10-07,TALK,1,1,653
2026-10-07T07:43:24+00:00,2026-10-07,TBF,1,3,577
2026-10-07T07:43:24+00:00,2026-10-07,TBLT,1,1,605
2026-10-07T07:43:24+00:00,2026-10-07,TD,2,7,163
2026-10-07T07:43:24+00:00,2026-10-07,TDS,3,0,133
2026-10-07T07:43:24+00:00,2026-10-07,TE,1,2,835
2026-10-07T07:43:24+00:00,2026-10-07,TEAM,1,6,355
2026-10-07T07:43:24+00:00,2026-10-07,TECH,1,1,406
2026-10-07T07:43:24+00:00,2026-10-07,TEM,4,5,116
2026-10-07T07:43:24+00:00,2026-10-07,TENB,1,2,658
2026-10-07T07:43:24+00:00,2026-10-07,TER,1,2,320
2026-10-07T07:43:24+00:00,2026-10-07,TGT,1,0,300
2026-10-07T07:43:24+00:00,2026-10-07,TH,1,1,321
2026-10-07T07:43:24+00:00,2026-10-07,TIL,1,1,719
2026-10-07T07:43:24+00:00,2026-10-07,TK,1,1,417
2026-10-07T07:43:24+00:00,2026-10-07,TLN,3,7,147
2026-10-07T07:43:24+00:00,2026-10-07,TLT,12,20,44
2026-10-07T07:43:24+00:00,2026-10-07,TM,1,1,205
2026-10-07T07:43:24+00:00,2026-10-07,TMC,1,1,769
2026-10-07T07:43:24+00:00,2026-10-07,TMCR,1,1,848
2026-10-07T07:43:24+00:00,2026-10-07,TMF,1,1,527
2026-10-07T07:43:24+00:00,2026-10-07,TMUS,1,4,276
2026-10-07T07:43:24+00:00,2026-10-07,TNDM,1,1,322
2026-10-07T07:43:24+00:00,2026-10-07,TOP,1,7,783
2026-10-07T07:43:24+00:00,2026-10-07,TP,6,68,86
2026-10-07T07:43:24+00:00,2026-10-07,TPL,1,4,391
2026-10-07T07:43:24+00:00,2026-10-07,TQQQ,8,11,62
2026-10-07T07:43:24+00:00,2026-10-07,TR,1,0,416
2026-10-07T07:43:24+00:00,2026-10-07,TS,1,4,390
2026-10-07T07:43:24+00:00,2026-10-07,TSLA,35,62,18
2026-10-07T07:43:24+00:00,2026-10-07,TSM,4,12,99
2026-10-07T07:43:24+00:00,2026-10-07,TSN,1,2,277
2026-10-07T07:43:24+00:00,2026-10-07,TT,1,1,415
2026-10-07T07:43:24+00:00,2026-10-07,TTAN,1,1,827
2026-10-07T07:43:24+00:00,2026-10-07,TTD,5,8,89
2026-10-07T07:43:24+00:00,2026-10-07,TTM,1,1,418
2026-10-07T07:43:24+00:00,2026-10-07,TTMI,1,1,316
2026-10-07T07:43:24+00:00,2026-10-07,TTT,1,2,526
2026-10-07T07:43:24+00:00,2026-10-07,TTWO,4,27,103
2026-10-07T07:43:24+00:00,2026-10-07,TWLO,1,5,414
2026-10-07T07:43:24+00:00,2026-10-07,TWO,1,0,413
2026-10-07T07:43:24+00:00,2026-10-07,TWST,5,14,88
2026-10-07T07:43:24+00:00,2026-10-07,TX,3,5,128
2026-10-07T07:43:24+00:00,2026-10-07,TXG,1,8,393
2026-10-07T07:43:24+00:00,2026-10-07,TXN,1,2,212
2026-10-07T07:43:24+00:00,2026-10-07,UAE,1,7,507
2026-10-07T07:43:24+00:00,2026-10-07,UAMY,1,2,825
2026-10-07T07:43:24+00:00,2026-10-07,UBER,3,91,132
2026-10-07T07:43:24+00:00,2026-10-07,UBS,2,22,168
2026-10-07T07:43:24+00:00,2026-10-07,UEC,1,1,670
2026-10-07T07:43:24+00:00,2026-10-07,UFO,1,1,519
2026-10-07T07:43:24+00:00,2026-10-07,UI,6,43,74
2026-10-07T07:43:24+00:00,2026-10-07,UMAC,1,1,807
2026-10-07T07:43:24+00:00,2026-10-07,UMC,1,1,412
2026-10-07T07:43:24+00:00,2026-10-07,UNG,1,3,544
2026-10-07T07:43:24+00:00,2026-10-07,UNH,2,14,158
2026-10-07T07:43:24+00:00,2026-10-07,UP,12,169,46
2026-10-07T07:43:24+00:00,2026-10-07,UPRO,1,0,600
2026-10-07T07:43:24+00:00,2026-10-07,UPS,1,8,278
2026-10-07T07:43:24+00:00,2026-10-07,UPST,1,1,652
2026-10-07T07:43:24+00:00,2026-10-07,URA,1,2,563
2026-10-07T07:43:24+00:00,2026-10-07,URNM,1,1,531
2026-10-07T07:43:24+00:00,2026-10-07,USAR,1,1,855
2026-10-07T07:43:24+00:00,2026-10-07,USFR,1,4,511
2026-10-07T07:43:24+00:00,2026-10-07,USO,3,5,136
2026-10-07T07:43:24+00:00,2026-10-07,UST,1,51,521
2026-10-07T07:43:24+00:00,2026-10-07,UUUU,3,5,130
2026-10-07T07:43:24+00:00,2026-10-07,UVXY,1,3,562
2026-10-07T07:43:24+00:00,2026-10-07,VAL,3,5,131
2026-10-07T07:43:24+00:00,2026-10-07,VALE,1,14,411
2026-10-07T07:43:24+00:00,2026-10-07,VB,1,1,586
2026-10-07T07:43:24+00:00,2026-10-07,VC,4,25,104
2026-10-07T07:43:24+00:00,2026-10-07,VDC,1,1,538
2026-10-07T07:43:24+00:00,2026-10-07,VEON,1,0,709
2026-10-07T07:43:24+00:00,2026-10-07,VERU,1,1,313
2026-10-07T07:43:24+00:00,2026-10-07,VEU,1,0,549
2026-10-07T07:43:24+00:00,2026-10-07,VFMO,1,2,548
2026-10-07T07:43:24+00:00,2026-10-07,VG,1,1,312
2026-10-07T07:43:24+00:00,2026-10-07,VGT,2,7,174
2026-10-07T07:43:24+00:00,2026-10-07,VHT,1,1,541
2026-10-07T07:43:24+00:00,2026-10-07,VIA,1,1,785
2026-10-07T07:43:24+00:00,2026-10-07,VIST,1,2,727
2026-10-07T07:43:24+00:00,2026-10-07,VITL,1,3,730
2026-10-07T07:43:24+00:00,2026-10-07,VKTX,1,2,665
2026-10-07T07:43:24+00:00,2026-10-07,VLO,1,4,301
2026-10-07T07:43:24+00:00,2026-10-07,VLUE,1,0,560
2026-10-07T07:43:24+00:00,2026-10-07,VNQ,1,1,597
2026-10-07T07:43:24+00:00,2026-10-07,VNRX,1,2,784
2026-10-07T07:43:24+00:00,2026-10-07,VONG,1,1,596
2026-10-07T07:43:24+00:00,2026-10-07,VOO,37,150,14
2026-10-07T07:43:24+00:00,2026-10-07,VOOG,1,2,588
2026-10-07T07:43:24+00:00,2026-10-07,VOOV,1,3,543
2026-10-07T07:43:24+00:00,2026-10-07,VPG,1,2,640
2026-10-07T07:43:24+00:00,2026-10-07,VPN,1,1,503
2026-10-07T07:43:24+00:00,2026-10-07,VRT,3,3,127
2026-10-07T07:43:24+00:00,2026-10-07,VST,49,84,11
2026-10-07T07:43:24+00:00,2026-10-07,VT,9,23,57
2026-10-07T07:43:24+00:00,2026-10-07,VTI,11,26,48
2026-10-07T07:43:24+00:00,2026-10-07,VTV,1,1,499
2026-10-07T07:43:24+00:00,2026-10-07,VUG,1,5,496
2026-10-07T07:43:24+00:00,2026-10-07,VVV,1,1,410
2026-10-07T07:43:24+00:00,2026-10-07,VXF,1,3,494
2026-10-07T07:43:24+00:00,2026-10-07,VXUS,7,30,69
2026-10-07T07:43:24+00:00,2026-10-07,VYM,1,1,601
2026-10-07T07:43:24+00:00,2026-10-07,VZ,2,5,159
2026-10-07T07:43:24+00:00,2026-10-07,WAB,1,4,279
2026-10-07T07:43:24+00:00,2026-10-07,WANT,1,3,512
2026-10-07T07:43:24+00:00,2026-10-07,WAY,3,1,146
2026-10-07T07:43:24+00:00,2026-10-07,WB,1,2,311
2026-10-07T07:43:24+00:00,2026-10-07,WCC,1,1,628
2026-10-07T07:43:24+00:00,2026-10-07,WDC,51,90,9
2026-10-07T07:43:24+00:00,2026-10-07,WEAT,1,3,598
2026-10-07T07:43:24+00:00,2026-10-07,WELL,1,0,302
2026-10-07T07:43:24+00:00,2026-10-07,WEN,2,6,164
2026-10-07T07:43:24+00:00,2026-10-07,WFC,1,1,285
2026-10-07T07:43:24+00:00,2026-10-07,WFH,1,2,591
2026-10-07T07:43:24+00:00,2026-10-07,WH,1,2,307
2026-10-07T07:43:24+00:00,2026-10-07,WHLR,5,7,92
2026-10-07T07:43:24+00:00,2026-10-07,WKHS,1,5,310
2026-10-07T07:43:24+00:00,2026-10-07,WMT,1,2,194
2026-10-07T07:43:24+00:00,2026-10-07,WS,1,2,819
2026-10-07T07:43:24+00:00,2026-10-07,WTI,1,3,392
2026-10-07T07:43:24+00:00,2026-10-07,WU,1,1,280
2026-10-07T07:43:24+00:00,2026-10-07,WULF,1,4,723
2026-10-07T07:43:24+00:00,2026-10-07,WY,1,1,281
2026-10-07T07:43:24+00:00,2026-10-07,XAIR,1,1,763
2026-10-07T07:43:24+00:00,2026-10-07,XBI,1,0,556
2026-10-07T07:43:24+00:00,2026-10-07,XE,1,1,850
2026-10-07T07:43:24+00:00,2026-10-07,XERS,1,1,649
2026-10-07T07:43:24+00:00,2026-10-07,XLF,1,1,534
2026-10-07T07:43:24+00:00,2026-10-07,XLI,1,1,565
2026-10-07T07:43:24+00:00,2026-10-07,XLK,1,4,518
2026-10-07T07:43:24+00:00,2026-10-07,XLRE,1,0,520
2026-10-07T07:43:24+00:00,2026-10-07,XLU,6,8,78
2026-10-07T07:43:24+00:00,2026-10-07,XNDU,1,1,846
2026-10-07T07:43:24+00:00,2026-10-07,XOM,1,4,284
2026-10-07T07:43:24+00:00,2026-10-07,XP,1,1,309
2026-10-07T07:43:24+00:00,2026-10-07,XRX,1,1,282
2026-10-07T07:43:24+00:00,2026-10-07,XYZ,1,1,829
2026-10-07T07:43:24+00:00,2026-10-07,YINN,1,0,551
2026-10-07T07:43:24+00:00,2026-10-07,YOU,12,23,45
2026-10-07T07:43:24+00:00,2026-10-07,ZS,1,1,308
2026-10-07T07:43:24+00:00,2026-10-07,ZTS,1,1,283
